-- phpMyAdmin SQL Dump
-- version 4.7.4
-- https://www.phpmyadmin.net/
--
-- Хост: 127.0.0.1
-- Время создания: Ноя 19 2017 г., 23:50
-- Версия сервера: 10.1.26-MariaDB
-- Версия PHP: 7.1.9

SET SQL_MODE = "NO_AUTO_VALUE_ON_ZERO";
SET AUTOCOMMIT = 0;
START TRANSACTION;
SET time_zone = "+00:00";


/*!40101 SET @OLD_CHARACTER_SET_CLIENT=@@CHARACTER_SET_CLIENT */;
/*!40101 SET @OLD_CHARACTER_SET_RESULTS=@@CHARACTER_SET_RESULTS */;
/*!40101 SET @OLD_COLLATION_CONNECTION=@@COLLATION_CONNECTION */;
/*!40101 SET NAMES utf8mb4 */;

--
-- База данных: `course`
--

-- --------------------------------------------------------

--
-- Структура таблицы `answers`
--

CREATE TABLE `answers` (
  `id` int(10) UNSIGNED NOT NULL,
  `text` varchar(191) COLLATE utf8mb4_unicode_ci NOT NULL,
  `created_at` timestamp NULL DEFAULT NULL,
  `updated_at` timestamp NULL DEFAULT NULL
) ENGINE=InnoDB DEFAULT CHARSET=utf8mb4 COLLATE=utf8mb4_unicode_ci;

--
-- Дамп данных таблицы `answers`
--

INSERT INTO `answers` (`id`, `text`, `created_at`, `updated_at`) VALUES
(1, 'Answer', NULL, '2017-11-19 07:13:33'),
(2, 'Answer 2', NULL, NULL),
(3, 'Answer 3', NULL, NULL),
(4, 'Answer 4', NULL, NULL),
(6, 'bb', '2017-11-19 06:14:21', '2017-11-19 07:13:24'),
(7, 'bb', '2017-11-19 06:14:21', '2017-11-19 07:13:24'),
(8, 'bb', '2017-11-19 06:14:21', '2017-11-19 07:13:24'),
(9, 'bb', '2017-11-19 06:14:21', '2017-11-19 07:13:24'),
(10, 'cc', '2017-11-19 06:14:21', '2017-11-19 07:13:24'),
(11, 'zz', '2017-11-19 06:14:21', '2017-11-19 07:13:12'),
(12, 'zz', '2017-11-19 06:14:21', '2017-11-19 07:13:12'),
(13, 'ff', '2017-11-19 06:14:21', '2017-11-19 09:54:32'),
(14, 'норм', '2017-11-19 10:30:18', '2017-11-19 10:30:18'),
(15, 'не очень', '2017-11-19 10:30:18', '2017-11-19 10:30:18'),
(16, 'хорошо', '2017-11-19 10:30:18', '2017-11-19 10:30:18'),
(17, 'пойдет', '2017-11-19 10:30:18', '2017-11-19 10:30:18'),
(18, 'фф', '2017-11-19 10:49:39', '2017-11-19 10:49:39'),
(19, 'everything', '2017-11-19 11:07:10', '2017-11-19 11:07:10'),
(20, 'anything', '2017-11-19 11:07:10', '2017-11-19 11:07:10'),
(21, 'nothing', '2017-11-19 11:07:10', '2017-11-19 11:07:10'),
(22, 'none', '2017-11-19 11:07:10', '2017-11-19 11:07:10'),
(23, '35', '2017-11-19 11:07:44', '2017-11-19 11:07:44'),
(24, 'aa', '2017-11-19 11:10:56', '2017-11-19 11:10:56'),
(25, 'bb', '2017-11-19 11:10:56', '2017-11-19 11:10:56'),
(26, 'cc', '2017-11-19 11:10:56', '2017-11-19 11:10:56'),
(27, 'dd', '2017-11-19 11:10:56', '2017-11-19 11:10:56'),
(28, 'sdfasdfsadfdsaf', '2017-11-19 11:10:56', '2017-11-19 11:13:46'),
(29, 'ff', '2017-11-19 11:10:56', '2017-11-19 11:10:56'),
(30, 'gg', '2017-11-19 11:10:56', '2017-11-19 11:10:56'),
(31, 'hh', '2017-11-19 11:10:56', '2017-11-19 11:10:56'),
(32, 'aa', '2017-11-19 11:10:56', '2017-11-19 11:10:56'),
(33, 'bb', '2017-11-19 11:10:56', '2017-11-19 11:10:56'),
(34, 'cc', '2017-11-19 11:10:56', '2017-11-19 11:10:56'),
(35, 'asdfasfasdfasdf', '2017-11-19 11:10:56', '2017-11-19 11:13:46'),
(36, 'ee', '2017-11-19 11:10:56', '2017-11-19 11:10:56'),
(37, 'ff', '2017-11-19 11:10:56', '2017-11-19 11:10:56'),
(38, 'gg', '2017-11-19 11:10:56', '2017-11-19 11:10:56'),
(39, 'hh', '2017-11-19 11:10:56', '2017-11-19 11:10:56'),
(40, 'qq', '2017-11-19 11:14:10', '2017-11-19 11:14:10'),
(41, 'qq', '2017-11-19 11:14:10', '2017-11-19 11:14:10'),
(42, 'qq', '2017-11-19 11:14:10', '2017-11-19 11:14:10'),
(43, 'qq', '2017-11-19 11:14:10', '2017-11-19 11:14:10'),
(44, 'ww', '2017-11-19 11:14:10', '2017-11-19 11:14:10'),
(45, 'ww', '2017-11-19 11:14:10', '2017-11-19 11:14:10'),
(46, 'ww', '2017-11-19 11:14:10', '2017-11-19 11:14:10'),
(47, 'ww', '2017-11-19 11:14:10', '2017-11-19 11:14:10'),
(48, 'qq', '2017-11-19 11:14:10', '2017-11-19 11:14:10'),
(49, 'qq', '2017-11-19 11:14:10', '2017-11-19 11:14:10'),
(50, 'qq', '2017-11-19 11:14:10', '2017-11-19 11:14:10'),
(51, 'qq', '2017-11-19 11:14:10', '2017-11-19 11:14:10'),
(52, 'ww', '2017-11-19 11:14:10', '2017-11-19 11:14:10'),
(53, 'ww', '2017-11-19 11:14:10', '2017-11-19 11:14:10'),
(54, 'ww', '2017-11-19 11:14:10', '2017-11-19 11:14:10'),
(55, 'ww', '2017-11-19 11:14:10', '2017-11-19 11:14:10'),
(56, 'ee', '2017-11-19 11:16:04', '2017-11-19 11:16:04'),
(57, 'ee', '2017-11-19 11:16:04', '2017-11-19 11:16:04'),
(58, 'ee', '2017-11-19 11:16:04', '2017-11-19 11:16:04'),
(59, 'ee', '2017-11-19 11:16:04', '2017-11-19 11:16:04'),
(60, 'rr', '2017-11-19 11:16:04', '2017-11-19 11:16:04'),
(61, 'r', '2017-11-19 11:16:04', '2017-11-19 11:16:04'),
(62, 'rr', '2017-11-19 11:16:04', '2017-11-19 11:16:04'),
(63, 'rr', '2017-11-19 11:16:04', '2017-11-19 11:16:04'),
(64, 'ee', '2017-11-19 11:16:04', '2017-11-19 11:16:04'),
(65, 'ee', '2017-11-19 11:16:04', '2017-11-19 11:16:04'),
(66, 'ee', '2017-11-19 11:16:04', '2017-11-19 11:16:04'),
(67, 'ee', '2017-11-19 11:16:04', '2017-11-19 11:16:04'),
(68, 'rr', '2017-11-19 11:16:04', '2017-11-19 11:16:04'),
(69, 'r', '2017-11-19 11:16:04', '2017-11-19 11:16:04'),
(70, 'rr', '2017-11-19 11:16:04', '2017-11-19 11:16:04'),
(71, 'rr', '2017-11-19 11:16:04', '2017-11-19 11:16:04'),
(72, 'rr', '2017-11-19 11:17:08', '2017-11-19 11:17:08'),
(73, 'rr', '2017-11-19 11:17:08', '2017-11-19 11:17:08'),
(74, 'rr', '2017-11-19 11:17:08', '2017-11-19 11:17:08'),
(75, 'rr', '2017-11-19 11:17:08', '2017-11-19 11:17:08'),
(76, 'rr', '2017-11-19 11:17:08', '2017-11-19 11:17:08'),
(77, 'rr', '2017-11-19 11:17:08', '2017-11-19 11:17:08'),
(78, 'rr', '2017-11-19 11:17:08', '2017-11-19 11:17:08'),
(79, 'rr', '2017-11-19 11:17:08', '2017-11-19 11:17:08'),
(80, 'zz', '2017-11-19 11:18:15', '2017-11-19 11:18:15'),
(81, 'zz', '2017-11-19 11:18:15', '2017-11-19 11:18:15'),
(82, 'zz', '2017-11-19 11:18:15', '2017-11-19 11:18:15'),
(83, 'zz', '2017-11-19 11:18:15', '2017-11-19 11:18:15'),
(84, 'xx', '2017-11-19 11:18:15', '2017-11-19 11:18:15'),
(85, 'xx', '2017-11-19 11:18:15', '2017-11-19 11:18:15'),
(86, 'xx', '2017-11-19 11:18:15', '2017-11-19 11:18:15'),
(87, 'xx', '2017-11-19 11:18:15', '2017-11-19 11:18:15'),
(88, 'go', '2017-11-19 11:19:22', '2017-11-19 11:19:22'),
(89, 'ok', '2017-11-19 11:19:22', '2017-11-19 11:19:22'),
(90, 'no', '2017-11-19 11:19:22', '2017-11-19 11:19:22'),
(91, 'never', '2017-11-19 11:19:22', '2017-11-19 11:19:22'),
(92, 'ok', '2017-11-19 11:21:42', '2017-11-19 11:21:42'),
(93, 'no', '2017-11-19 11:21:42', '2017-11-19 11:21:42'),
(94, 'never', '2017-11-19 11:21:42', '2017-11-19 11:21:42'),
(95, 'yep', '2017-11-19 11:21:42', '2017-11-19 11:21:42'),
(96, 'cc', '2017-11-19 11:59:01', '2017-11-19 11:59:01'),
(97, 'cc', '2017-11-19 11:59:01', '2017-11-19 11:59:01'),
(98, 'cc', '2017-11-19 11:59:01', '2017-11-19 11:59:01'),
(99, 'cc', '2017-11-19 11:59:01', '2017-11-19 11:59:01'),
(100, 'dd', '2017-11-19 11:59:01', '2017-11-19 11:59:01'),
(101, 'dd', '2017-11-19 11:59:01', '2017-11-19 11:59:01'),
(102, 'dd', '2017-11-19 11:59:01', '2017-11-19 11:59:01'),
(103, 'dd', '2017-11-19 11:59:01', '2017-11-19 11:59:01'),
(104, 'vv', '2017-11-19 12:09:05', '2017-11-19 12:09:05'),
(105, 'aaaa', '2017-11-19 12:40:31', '2017-11-19 12:40:31'),
(106, 'bbbb', '2017-11-19 12:40:31', '2017-11-19 12:40:31'),
(107, 'cccc', '2017-11-19 12:40:31', '2017-11-19 12:40:31'),
(108, 'dddd', '2017-11-19 12:40:31', '2017-11-19 12:40:31'),
(109, 'aa', '2017-11-19 12:48:14', '2017-11-19 12:48:14'),
(110, 'bb', '2017-11-19 12:48:14', '2017-11-19 12:48:14'),
(111, 'cc', '2017-11-19 12:48:14', '2017-11-19 12:48:14'),
(112, 'dd', '2017-11-19 12:48:14', '2017-11-19 12:48:14'),
(113, 'aaaaaa', '2017-11-19 12:49:35', '2017-11-19 12:49:35'),
(114, 'bbbbbb', '2017-11-19 12:49:35', '2017-11-19 12:49:35'),
(115, 'cccccc', '2017-11-19 12:49:35', '2017-11-19 12:49:35'),
(116, 'ddddd', '2017-11-19 12:49:35', '2017-11-19 12:49:35'),
(117, 'aaa', '2017-11-19 12:49:35', '2017-11-19 12:49:35'),
(118, 'bbb', '2017-11-19 12:49:35', '2017-11-19 12:49:35'),
(119, 'ccc', '2017-11-19 12:49:35', '2017-11-19 12:49:35'),
(120, 'ddd', '2017-11-19 12:49:35', '2017-11-19 12:49:35'),
(121, 'a', '2017-11-19 12:51:12', '2017-11-19 12:51:12'),
(122, 'b', '2017-11-19 12:51:12', '2017-11-19 12:51:12'),
(123, 'c', '2017-11-19 12:51:12', '2017-11-19 12:51:12'),
(124, 'd', '2017-11-19 12:51:12', '2017-11-19 12:51:12'),
(125, 'aa', '2017-11-19 12:51:12', '2017-11-19 12:51:12'),
(126, 'bb', '2017-11-19 12:51:12', '2017-11-19 12:51:12'),
(127, 'cc', '2017-11-19 12:51:12', '2017-11-19 12:51:12'),
(128, 'dd', '2017-11-19 12:51:12', '2017-11-19 12:51:12'),
(129, 'a', '2017-11-19 12:55:42', '2017-11-19 12:55:42'),
(130, 'b', '2017-11-19 12:55:42', '2017-11-19 12:55:42'),
(131, 'c', '2017-11-19 12:55:42', '2017-11-19 12:55:42'),
(132, 'd', '2017-11-19 12:55:42', '2017-11-19 12:55:42'),
(133, 'aa', '2017-11-19 12:55:42', '2017-11-19 12:55:42'),
(134, 'bb', '2017-11-19 12:55:42', '2017-11-19 12:55:42'),
(135, 'cc', '2017-11-19 12:55:42', '2017-11-19 12:55:42'),
(136, 'dd', '2017-11-19 12:55:42', '2017-11-19 12:55:42'),
(137, 'aa', '2017-11-19 14:04:55', '2017-11-19 14:04:55'),
(138, 'bb', '2017-11-19 14:04:55', '2017-11-19 14:04:55'),
(139, 'cc', '2017-11-19 14:04:55', '2017-11-19 14:04:55'),
(140, 'dd', '2017-11-19 14:04:55', '2017-11-19 14:04:55');

-- --------------------------------------------------------

--
-- Структура таблицы `lections`
--

CREATE TABLE `lections` (
  `id` int(10) UNSIGNED NOT NULL,
  `title` varchar(191) COLLATE utf8mb4_unicode_ci NOT NULL,
  `description` text COLLATE utf8mb4_unicode_ci,
  `url` varchar(191) COLLATE utf8mb4_unicode_ci NOT NULL,
  `created_at` timestamp NULL DEFAULT NULL,
  `updated_at` timestamp NULL DEFAULT NULL
) ENGINE=InnoDB DEFAULT CHARSET=utf8mb4 COLLATE=utf8mb4_unicode_ci;

--
-- Дамп данных таблицы `lections`
--

INSERT INTO `lections` (`id`, `title`, `description`, `url`, `created_at`, `updated_at`) VALUES
(1, 'Laravel 5 - Новые видео. Скоро!', 'Скоро, друзья, будет много видео по Laravel 5.\r\nЗнаю - заждались! Я и сам заждался! Разгреб малость дела насущные и приступаю к новым видео! Подписывайтесь на мой канал, подписывайтесь на новости сайта и так же вступайте в группу в вк. Вообщем - следите за новостями где и как вам более удобно.', 'https://www.youtube.com/embed/uJPOkWFLPs0', NULL, '2017-11-19 01:38:26'),
(2, 'Painless Billing With Laravel and Stripe 2', 'Want to apply a subscription model to your web app, just like Laracasts? Let me show you how painless the process can be, using Stripe and Laravel Cashier.', 'https://www.youtube.com/embed/k9KKjxEq0Lg', '2017-11-18 09:22:35', '2017-11-19 15:32:53'),
(3, 'Multiple Authentication in Laravel 5.4 Natively! (Admins + Users) - Part 1', 'This isn\'t documented very well in the Laravel documentation, so it is frustrating to find the correct way to do this. But I am happy that I have now put this tutorial series together to explain how to make this happen. It is a powerful feature that Laravel has and I\'m excited to show everyone how to use it.', 'https://www.youtube.com/embed/iKRLrJXNN4M', '2017-11-18 09:22:35', '2017-11-19 11:25:07'),
(4, 'Laravel custom login and redirects for multiple roles', 'We created a custom login system , and customized it for different roles in the application.', 'https://www.youtube.com/watch?v=xjLLr4WQWzw', '2017-11-18 09:22:35', '2017-11-18 09:22:35'),
(5, 'Building Realtime Chat with Laravel 5.4 and VueJS: Part 4 (Laravel Echo)', 'I have a functional chat app connected to the server, but I have to refresh to see new messages from other people. This step involves setting up Event Broadcasting within Laravel and implementing Laravel Echo on the front end using Pusher.', 'https://www.youtube.com/watch?v=iiBcOKYxd0Q', '2017-11-18 09:22:35', '2017-11-18 09:22:35'),
(6, 'Building Realtime Chat with Laravel 5.4 and VueJS: Part 3 (Laravel Backend)', 'Now I am POSTing chat messages to the server and start loading messages from the server. It\'s basic Laravel models and routes in this video.', 'https://www.youtube.com/watch?v=8aTfMHg3V1Q&t=313s', '2017-11-18 09:22:35', '2017-11-18 09:22:35'),
(7, 'Building Realtime Chat with Laravel 5.4 and VueJS: Part 3 (Laravel Backend)', 'Now I am POSTing chat messages to the server and start loading messages from the server. It\'s basic Laravel models and routes in this video.', 'https://www.youtube.com/watch?v=8aTfMHg3V1Q&t=313s', '2017-11-18 09:22:35', '2017-11-18 09:22:35'),
(8, 'Building Realtime Chat with Laravel 5.4 and VueJS: Part 3 (Laravel Backend)', 'Now I am POSTing chat messages to the server and start loading messages from the server. It\'s basic Laravel models and routes in this video.', 'https://www.youtube.com/embed/8aTfMHg3V1Q&t=313s', '2017-11-18 09:22:35', '2017-11-19 11:22:38'),
(9, 'Building Realtime Chat with Laravel 5.4 and VueJS: Part 3 (Laravel Backend)', 'Now I am POSTing chat messages to the server and start loading messages from the server. It\'s basic Laravel models and routes in this video.', 'https://www.youtube.com/watch?v=8aTfMHg3V1Q&t=313s', '2017-11-18 09:22:35', '2017-11-18 09:22:35'),
(10, 'Building Realtime Chat with Laravel 5.4 and VueJS: Part 3 (Laravel Backend)', 'Now I am POSTing chat messages to the server and start loading messages from the server. It\'s basic Laravel models and routes in this video.', 'https://www.youtube.com/watch?v=8aTfMHg3V1Q&t=313s', '2017-11-18 09:22:35', '2017-11-18 09:22:35'),
(11, 'Building Realtime Chat with Laravel 5.4 and VueJS: Part 3 (Laravel Backend)', 'Now I am POSTing chat messages to the server and start loading messages from the server. It\'s basic Laravel models and routes in this video.', 'https://www.youtube.com/watch?v=8aTfMHg3V1Q&t=313s', '2017-11-18 09:22:35', '2017-11-18 09:22:35'),
(12, 'Building Realtime Chat with Laravel 5.4 and VueJS: Part 3 (Laravel Backend)', 'Now I am POSTing chat messages to the server and start loading messages from the server. It\'s basic Laravel models and routes in this video.', 'https://www.youtube.com/watch?v=8aTfMHg3V1Q&t=313s', '2017-11-18 09:22:35', '2017-11-18 09:22:35'),
(13, 'Building Realtime Chat with Laravel 5.4 and VueJS: Part 3 (Laravel Backend)', 'Now I am POSTing chat messages to the server and start loading messages from the server. It\'s basic Laravel models and routes in this video.', 'https://www.youtube.com/watch?v=8aTfMHg3V1Q&t=313s', '2017-11-18 09:22:35', '2017-11-18 09:22:35'),
(14, 'Building Realtime Chat with Laravel 5.4 and VueJS: Part 3 (Laravel Backend)', 'Now I am POSTing chat messages to the server and start loading messages from the server. It\'s basic Laravel models and routes in this video.', 'https://www.youtube.com/watch?v=8aTfMHg3V1Q&t=313s', '2017-11-18 09:22:35', '2017-11-18 09:22:35'),
(15, 'Building Realtime Chat with Laravel 5.4 and VueJS: Part 3 (Laravel Backend)', 'Now I am POSTing chat messages to the server and start loading messages from the server. It\'s basic Laravel models and routes in this video.', 'https://www.youtube.com/watch?v=8aTfMHg3V1Q&t=313s', '2017-11-18 09:22:35', '2017-11-18 09:22:35'),
(16, 'Building Realtime Chat with Laravel 5.4 and VueJS: Part 3 (Laravel Backend)', 'Now I am POSTing chat messages to the server and start loading messages from the server. It\'s basic Laravel models and routes in this video.', 'https://www.youtube.com/watch?v=8aTfMHg3V1Q&t=313s', '2017-11-18 09:22:35', '2017-11-18 09:22:35'),
(17, 'Building Realtime Chat with Laravel 5.4 and VueJS: Part 3 (Laravel Backend)', 'Now I am POSTing chat messages to the server and start loading messages from the server. It\'s basic Laravel models and routes in this video.', 'https://www.youtube.com/watch?v=8aTfMHg3V1Q&t=313s', '2017-11-18 09:22:35', '2017-11-18 09:22:35'),
(18, 'Building Realtime Chat with Laravel 5.4 and VueJS: Part 3 (Laravel Backend)', 'Now I am POSTing chat messages to the server and start loading messages from the server. It\'s basic Laravel models and routes in this video.', 'https://www.youtube.com/watch?v=8aTfMHg3V1Q&t=313s', '2017-11-18 09:22:35', '2017-11-18 09:22:35'),
(19, 'Building Realtime Chat with Laravel 5.4 and VueJS: Part 3 (Laravel Backend)', 'Now I am POSTing chat messages to the server and start loading messages from the server. It\'s basic Laravel models and routes in this video.', 'https://www.youtube.com/watch?v=8aTfMHg3V1Q&t=313s', '2017-11-18 09:22:35', '2017-11-18 09:22:35'),
(20, 'Building Realtime Chat with Laravel 5.4 and VueJS: Part 3 (Laravel Backend)', 'Now I am POSTing chat messages to the server and start loading messages from the server. It\'s basic Laravel models and routes in this video.', 'https://www.youtube.com/watch?v=8aTfMHg3V1Q&t=313s', '2017-11-18 09:22:35', '2017-11-18 09:22:35'),
(21, 'Building Realtime Chat with Laravel 5.4 and VueJS: Part 3 (Laravel Backend)', 'Now I am POSTing chat messages to the server and start loading messages from the server. It\'s basic Laravel models and routes in this video.', 'https://www.youtube.com/watch?v=8aTfMHg3V1Q&t=313s', '2017-11-18 09:22:35', '2017-11-18 09:22:35'),
(22, 'Building Realtime Chat with Laravel 5.4 and VueJS: Part 3 (Laravel Backend)', 'Now I am POSTing chat messages to the server and start loading messages from the server. It\'s basic Laravel models and routes in this video.', 'https://www.youtube.com/watch?v=8aTfMHg3V1Q&t=313s', '2017-11-18 09:22:35', '2017-11-18 09:22:35'),
(23, 'Building Realtime Chat with Laravel 5.4 and VueJS: Part 3 (Laravel Backend)', 'Now I am POSTing chat messages to the server and start loading messages from the server. It\'s basic Laravel models and routes in this video.', 'https://www.youtube.com/watch?v=8aTfMHg3V1Q&t=313s', '2017-11-18 09:22:35', '2017-11-18 09:22:35'),
(24, 'Building Realtime Chat with Laravel 5.4 and VueJS: Part 3 (Laravel Backend)', 'Now I am POSTing chat messages to the server and start loading messages from the server. It\'s basic Laravel models and routes in this video.', 'https://www.youtube.com/watch?v=8aTfMHg3V1Q&t=313s', '2017-11-18 09:22:35', '2017-11-18 09:22:35'),
(25, 'Building Realtime Chat with Laravel 5.4 and VueJS: Part 3 (Laravel Backend)', 'Now I am POSTing chat messages to the server and start loading messages from the server. It\'s basic Laravel models and routes in this video.', 'https://www.youtube.com/watch?v=8aTfMHg3V1Q&t=313s', '2017-11-18 09:22:35', '2017-11-18 09:22:35');

-- --------------------------------------------------------

--
-- Структура таблицы `migrations`
--

CREATE TABLE `migrations` (
  `id` int(10) UNSIGNED NOT NULL,
  `migration` varchar(191) COLLATE utf8mb4_unicode_ci NOT NULL,
  `batch` int(11) NOT NULL
) ENGINE=InnoDB DEFAULT CHARSET=utf8mb4 COLLATE=utf8mb4_unicode_ci;

--
-- Дамп данных таблицы `migrations`
--

INSERT INTO `migrations` (`id`, `migration`, `batch`) VALUES
(1, '2014_10_12_000000_create_users_table', 1),
(2, '2014_10_12_100000_create_password_resets_table', 1),
(3, '2017_11_18_045755_create_lections_table', 2),
(4, '2017_11_18_045819_create_tests_table', 2),
(5, '2017_11_18_045904_create_test_results_table', 2),
(6, '2017_11_18_045946_create_questions_table', 2),
(7, '2017_11_18_050006_create_answers_table', 2),
(8, '2017_11_18_050024_create_question_answers_table', 2),
(9, '2017_11_18_050054_create_test_questions_table', 2),
(10, '2017_11_18_050236_create_user_roles_table', 2),
(11, '2017_11_18_093511_create_roles_table', 2);

-- --------------------------------------------------------

--
-- Структура таблицы `password_resets`
--

CREATE TABLE `password_resets` (
  `email` varchar(191) COLLATE utf8mb4_unicode_ci NOT NULL,
  `token` varchar(191) COLLATE utf8mb4_unicode_ci NOT NULL,
  `created_at` timestamp NULL DEFAULT NULL
) ENGINE=InnoDB DEFAULT CHARSET=utf8mb4 COLLATE=utf8mb4_unicode_ci;

-- --------------------------------------------------------

--
-- Структура таблицы `questions`
--

CREATE TABLE `questions` (
  `id` int(10) UNSIGNED NOT NULL,
  `text` text COLLATE utf8mb4_unicode_ci NOT NULL,
  `created_at` timestamp NULL DEFAULT NULL,
  `updated_at` timestamp NULL DEFAULT NULL
) ENGINE=InnoDB DEFAULT CHARSET=utf8mb4 COLLATE=utf8mb4_unicode_ci;

--
-- Дамп данных таблицы `questions`
--

INSERT INTO `questions` (`id`, `text`, `created_at`, `updated_at`) VALUES
(1, 'Вопрос 1?', NULL, '2017-11-19 07:12:48'),
(2, 'Example question?', NULL, NULL),
(5, 'qwe2', '2017-11-19 06:13:05', '2017-11-19 06:13:05'),
(6, 'qwe2', '2017-11-19 06:13:34', '2017-11-19 06:13:34'),
(7, 'Вопрос 2?', '2017-11-19 06:14:21', '2017-11-19 07:13:02'),
(8, 'Вопрос 3?', '2017-11-19 06:14:21', '2017-11-19 07:13:02'),
(9, 'qwe4', '2017-11-19 07:10:19', '2017-11-19 07:10:19'),
(10, 'Как дела?', '2017-11-19 10:26:23', '2017-11-19 10:26:23'),
(11, 'Как дела?', '2017-11-19 10:28:37', '2017-11-19 10:28:37'),
(12, 'Как дела?', '2017-11-19 10:30:06', '2017-11-19 10:30:06'),
(13, 'Как дела?', '2017-11-19 10:30:18', '2017-11-19 15:33:25'),
(14, 'Как дела?', '2017-11-19 10:47:29', '2017-11-19 10:47:29'),
(15, 'Как дела?', '2017-11-19 10:47:58', '2017-11-19 10:47:58'),
(16, 'Как дела?', '2017-11-19 10:49:30', '2017-11-19 10:49:30'),
(17, 'Как дела?', '2017-11-19 10:49:39', '2017-11-19 10:49:39'),
(18, 'Whats wrong?', '2017-11-19 11:07:10', '2017-11-19 11:07:10'),
(19, 'How old are you?', '2017-11-19 11:07:44', '2017-11-19 11:07:44'),
(20, 'fasdfsf?', '2017-11-19 11:08:49', '2017-11-19 11:08:49'),
(21, 'adfasdF?', '2017-11-19 11:09:43', '2017-11-19 11:09:43'),
(22, 'fasdfsf?', '2017-11-19 11:10:08', '2017-11-19 11:10:08'),
(23, 'fasdfsf?', '2017-11-19 11:10:56', '2017-11-19 11:10:56'),
(24, 'asdfasdfasdf?', '2017-11-19 11:10:56', '2017-11-19 11:10:56'),
(25, 'qqqqqqqqqq?', '2017-11-19 11:14:10', '2017-11-19 11:14:10'),
(26, 'wwwwwwww?', '2017-11-19 11:14:10', '2017-11-19 11:14:10'),
(27, 'eeeeeeeee?', '2017-11-19 11:16:04', '2017-11-19 11:16:04'),
(28, 'rrrrrrrrrrrrrrr?', '2017-11-19 11:16:04', '2017-11-19 11:16:04'),
(29, 'tttttttTt?', '2017-11-19 11:16:47', '2017-11-19 11:16:47'),
(30, 'tttttttTt?', '2017-11-19 11:17:08', '2017-11-19 11:17:08'),
(31, 'yyyyy?', '2017-11-19 11:17:08', '2017-11-19 11:17:08'),
(32, 'zzzzzzz?', '2017-11-19 11:18:15', '2017-11-19 11:18:15'),
(33, 'xxxxxx?', '2017-11-19 11:18:15', '2017-11-19 11:18:15'),
(34, 'Lets go?', '2017-11-19 11:18:54', '2017-11-19 11:18:54'),
(35, 'Lets go?', '2017-11-19 11:19:22', '2017-11-19 11:19:22'),
(36, 'Ok?', '2017-11-19 11:21:42', '2017-11-19 11:21:42'),
(37, 'CCCCCCCCC?', '2017-11-19 11:59:01', '2017-11-19 11:59:01'),
(38, 'DDDDDDDD?', '2017-11-19 11:59:01', '2017-11-19 11:59:01'),
(39, 'Vvvvvv?', '2017-11-19 12:09:05', '2017-11-19 12:09:05'),
(40, 'Qwe 10?', '2017-11-19 12:40:31', '2017-11-19 12:40:31'),
(41, 'adsf?', '2017-11-19 12:48:14', '2017-11-19 12:48:14'),
(42, 'Mmmmm?', '2017-11-19 12:49:35', '2017-11-19 12:49:35'),
(43, 'Nnnnnnnn?', '2017-11-19 12:49:35', '2017-11-19 12:49:35'),
(44, 'Qqqqq?', '2017-11-19 12:51:12', '2017-11-19 12:51:12'),
(45, 'Wwwww?', '2017-11-19 12:51:12', '2017-11-19 12:51:12'),
(46, 'Qqq?', '2017-11-19 12:55:42', '2017-11-19 12:55:42'),
(47, 'Wwwww?', '2017-11-19 12:55:42', '2017-11-19 12:55:42'),
(48, 'Вопрос 4?', '2017-11-19 14:04:55', '2017-11-19 14:04:55');

-- --------------------------------------------------------

--
-- Структура таблицы `question_answers`
--

CREATE TABLE `question_answers` (
  `id` int(10) UNSIGNED NOT NULL,
  `question_id` int(10) UNSIGNED NOT NULL,
  `answer_id` int(10) UNSIGNED NOT NULL,
  `is_correct` tinyint(1) NOT NULL DEFAULT '0',
  `created_at` timestamp NULL DEFAULT NULL,
  `updated_at` timestamp NULL DEFAULT NULL
) ENGINE=InnoDB DEFAULT CHARSET=utf8mb4 COLLATE=utf8mb4_unicode_ci;

--
-- Дамп данных таблицы `question_answers`
--

INSERT INTO `question_answers` (`id`, `question_id`, `answer_id`, `is_correct`, `created_at`, `updated_at`) VALUES
(1, 1, 1, 0, NULL, NULL),
(2, 1, 2, 0, NULL, '2017-11-19 14:04:19'),
(3, 1, 3, 1, NULL, '2017-11-19 14:04:19'),
(4, 1, 4, 0, NULL, NULL),
(5, 7, 6, 0, '2017-11-19 06:14:21', '2017-11-19 06:14:21'),
(6, 7, 7, 0, '2017-11-19 06:14:21', '2017-11-19 06:14:21'),
(7, 7, 8, 0, '2017-11-19 06:14:21', '2017-11-19 06:14:21'),
(8, 7, 9, 1, '2017-11-19 06:14:21', '2017-11-19 14:04:20'),
(9, 8, 10, 1, '2017-11-19 06:14:21', '2017-11-19 14:04:20'),
(10, 8, 11, 0, '2017-11-19 06:14:21', '2017-11-19 06:14:21'),
(11, 8, 12, 0, '2017-11-19 06:14:21', '2017-11-19 06:14:21'),
(12, 8, 13, 0, '2017-11-19 06:14:21', '2017-11-19 06:14:21'),
(13, 13, 14, 0, '2017-11-19 10:30:18', '2017-11-19 10:30:18'),
(14, 13, 15, 1, '2017-11-19 10:30:18', '2017-11-19 15:33:09'),
(15, 13, 16, 0, '2017-11-19 10:30:18', '2017-11-19 10:30:18'),
(16, 13, 17, 0, '2017-11-19 10:30:18', '2017-11-19 10:30:18'),
(17, 17, 18, 0, '2017-11-19 10:49:39', '2017-11-19 10:49:39'),
(18, 18, 19, 0, '2017-11-19 11:07:10', '2017-11-19 11:07:10'),
(19, 18, 20, 0, '2017-11-19 11:07:10', '2017-11-19 11:07:10'),
(20, 18, 21, 0, '2017-11-19 11:07:10', '2017-11-19 11:07:10'),
(21, 18, 22, 0, '2017-11-19 11:07:10', '2017-11-19 11:07:10'),
(22, 19, 23, 0, '2017-11-19 11:07:44', '2017-11-19 11:07:44'),
(23, 23, 24, 0, '2017-11-19 11:10:56', '2017-11-19 11:10:56'),
(24, 23, 25, 0, '2017-11-19 11:10:56', '2017-11-19 11:10:56'),
(25, 23, 26, 0, '2017-11-19 11:10:56', '2017-11-19 11:10:56'),
(26, 23, 27, 0, '2017-11-19 11:10:56', '2017-11-19 11:10:56'),
(27, 23, 28, 0, '2017-11-19 11:10:56', '2017-11-19 11:10:56'),
(28, 23, 29, 0, '2017-11-19 11:10:56', '2017-11-19 11:10:56'),
(29, 23, 30, 0, '2017-11-19 11:10:56', '2017-11-19 11:10:56'),
(30, 23, 31, 0, '2017-11-19 11:10:56', '2017-11-19 11:10:56'),
(31, 24, 32, 0, '2017-11-19 11:10:56', '2017-11-19 11:10:56'),
(32, 24, 33, 0, '2017-11-19 11:10:56', '2017-11-19 11:10:56'),
(33, 24, 34, 0, '2017-11-19 11:10:56', '2017-11-19 11:10:56'),
(34, 24, 35, 0, '2017-11-19 11:10:56', '2017-11-19 11:10:56'),
(35, 24, 36, 0, '2017-11-19 11:10:56', '2017-11-19 11:10:56'),
(36, 24, 37, 0, '2017-11-19 11:10:56', '2017-11-19 11:10:56'),
(37, 24, 38, 0, '2017-11-19 11:10:56', '2017-11-19 11:10:56'),
(38, 24, 39, 0, '2017-11-19 11:10:56', '2017-11-19 11:10:56'),
(39, 25, 40, 0, '2017-11-19 11:14:10', '2017-11-19 11:14:10'),
(40, 25, 41, 0, '2017-11-19 11:14:10', '2017-11-19 11:14:10'),
(41, 25, 42, 0, '2017-11-19 11:14:10', '2017-11-19 11:14:10'),
(42, 25, 43, 0, '2017-11-19 11:14:10', '2017-11-19 11:14:10'),
(43, 25, 44, 0, '2017-11-19 11:14:10', '2017-11-19 11:14:10'),
(44, 25, 45, 0, '2017-11-19 11:14:10', '2017-11-19 11:14:10'),
(45, 25, 46, 0, '2017-11-19 11:14:10', '2017-11-19 11:14:10'),
(46, 25, 47, 0, '2017-11-19 11:14:10', '2017-11-19 11:14:10'),
(47, 26, 48, 0, '2017-11-19 11:14:10', '2017-11-19 11:14:10'),
(48, 26, 49, 0, '2017-11-19 11:14:10', '2017-11-19 11:14:10'),
(49, 26, 50, 0, '2017-11-19 11:14:10', '2017-11-19 11:14:10'),
(50, 26, 51, 0, '2017-11-19 11:14:10', '2017-11-19 11:14:10'),
(51, 26, 52, 0, '2017-11-19 11:14:10', '2017-11-19 11:14:10'),
(52, 26, 53, 0, '2017-11-19 11:14:10', '2017-11-19 11:14:10'),
(53, 26, 54, 0, '2017-11-19 11:14:10', '2017-11-19 11:14:10'),
(54, 26, 55, 0, '2017-11-19 11:14:10', '2017-11-19 11:14:10'),
(55, 27, 56, 0, '2017-11-19 11:16:04', '2017-11-19 11:16:04'),
(56, 27, 57, 0, '2017-11-19 11:16:04', '2017-11-19 11:16:04'),
(57, 27, 58, 0, '2017-11-19 11:16:04', '2017-11-19 11:16:04'),
(58, 27, 59, 0, '2017-11-19 11:16:04', '2017-11-19 11:16:04'),
(59, 27, 60, 0, '2017-11-19 11:16:04', '2017-11-19 11:16:04'),
(60, 27, 61, 0, '2017-11-19 11:16:04', '2017-11-19 11:16:04'),
(61, 27, 62, 0, '2017-11-19 11:16:04', '2017-11-19 11:16:04'),
(62, 27, 63, 0, '2017-11-19 11:16:04', '2017-11-19 11:16:04'),
(63, 28, 64, 0, '2017-11-19 11:16:04', '2017-11-19 11:16:04'),
(64, 28, 65, 0, '2017-11-19 11:16:04', '2017-11-19 11:16:04'),
(65, 28, 66, 0, '2017-11-19 11:16:04', '2017-11-19 11:16:04'),
(66, 28, 67, 0, '2017-11-19 11:16:04', '2017-11-19 11:16:04'),
(67, 28, 68, 0, '2017-11-19 11:16:04', '2017-11-19 11:16:04'),
(68, 28, 69, 0, '2017-11-19 11:16:04', '2017-11-19 11:16:04'),
(69, 28, 70, 0, '2017-11-19 11:16:04', '2017-11-19 11:16:04'),
(70, 28, 71, 0, '2017-11-19 11:16:04', '2017-11-19 11:16:04'),
(71, 30, 72, 0, '2017-11-19 11:17:08', '2017-11-19 11:17:08'),
(72, 30, 73, 0, '2017-11-19 11:17:08', '2017-11-19 11:17:08'),
(73, 30, 74, 0, '2017-11-19 11:17:08', '2017-11-19 11:17:08'),
(74, 30, 75, 0, '2017-11-19 11:17:08', '2017-11-19 11:17:08'),
(75, 31, 76, 0, '2017-11-19 11:17:08', '2017-11-19 11:17:08'),
(76, 31, 77, 0, '2017-11-19 11:17:08', '2017-11-19 11:17:08'),
(77, 31, 78, 0, '2017-11-19 11:17:08', '2017-11-19 11:17:08'),
(78, 31, 79, 0, '2017-11-19 11:17:08', '2017-11-19 11:17:08'),
(79, 32, 80, 0, '2017-11-19 11:18:15', '2017-11-19 11:18:15'),
(80, 32, 81, 0, '2017-11-19 11:18:15', '2017-11-19 11:18:15'),
(81, 32, 82, 0, '2017-11-19 11:18:15', '2017-11-19 11:18:15'),
(82, 32, 83, 0, '2017-11-19 11:18:15', '2017-11-19 11:18:15'),
(83, 33, 84, 0, '2017-11-19 11:18:15', '2017-11-19 11:18:15'),
(84, 33, 85, 0, '2017-11-19 11:18:15', '2017-11-19 11:18:15'),
(85, 33, 86, 0, '2017-11-19 11:18:15', '2017-11-19 11:18:15'),
(86, 33, 87, 0, '2017-11-19 11:18:15', '2017-11-19 11:18:15'),
(87, 35, 88, 0, '2017-11-19 11:19:22', '2017-11-19 11:19:22'),
(88, 35, 89, 0, '2017-11-19 11:19:22', '2017-11-19 11:19:22'),
(89, 35, 90, 0, '2017-11-19 11:19:22', '2017-11-19 11:19:22'),
(90, 35, 91, 0, '2017-11-19 11:19:22', '2017-11-19 11:19:22'),
(91, 36, 92, 0, '2017-11-19 11:21:42', '2017-11-19 11:21:42'),
(92, 36, 93, 0, '2017-11-19 11:21:42', '2017-11-19 11:21:42'),
(93, 36, 94, 0, '2017-11-19 11:21:42', '2017-11-19 11:21:42'),
(94, 36, 95, 0, '2017-11-19 11:21:42', '2017-11-19 11:21:42'),
(95, 37, 96, 0, '2017-11-19 11:59:01', '2017-11-19 11:59:01'),
(96, 37, 97, 0, '2017-11-19 11:59:01', '2017-11-19 11:59:01'),
(97, 37, 98, 0, '2017-11-19 11:59:01', '2017-11-19 11:59:01'),
(98, 37, 99, 0, '2017-11-19 11:59:01', '2017-11-19 11:59:01'),
(99, 38, 100, 0, '2017-11-19 11:59:01', '2017-11-19 11:59:01'),
(100, 38, 101, 0, '2017-11-19 11:59:01', '2017-11-19 11:59:01'),
(101, 38, 102, 0, '2017-11-19 11:59:01', '2017-11-19 11:59:01'),
(102, 38, 103, 0, '2017-11-19 11:59:01', '2017-11-19 11:59:01'),
(103, 40, 105, 1, '2017-11-19 12:40:31', '2017-11-19 12:40:31'),
(104, 40, 106, 1, '2017-11-19 12:40:31', '2017-11-19 12:40:31'),
(105, 40, 107, 1, '2017-11-19 12:40:31', '2017-11-19 12:40:31'),
(106, 40, 108, 1, '2017-11-19 12:40:31', '2017-11-19 12:40:31'),
(107, 41, 109, 0, '2017-11-19 12:48:14', '2017-11-19 12:48:14'),
(108, 41, 110, 0, '2017-11-19 12:48:14', '2017-11-19 12:48:14'),
(109, 41, 111, 0, '2017-11-19 12:48:14', '2017-11-19 12:48:14'),
(110, 41, 112, 1, '2017-11-19 12:48:14', '2017-11-19 12:48:14'),
(111, 42, 113, 0, '2017-11-19 12:49:35', '2017-11-19 12:49:35'),
(112, 42, 114, 0, '2017-11-19 12:49:35', '2017-11-19 12:49:35'),
(113, 42, 115, 1, '2017-11-19 12:49:35', '2017-11-19 12:49:35'),
(114, 42, 116, 0, '2017-11-19 12:49:35', '2017-11-19 12:49:35'),
(115, 43, 117, 0, '2017-11-19 12:49:35', '2017-11-19 12:49:35'),
(116, 43, 118, 0, '2017-11-19 12:49:35', '2017-11-19 12:49:35'),
(117, 43, 119, 1, '2017-11-19 12:49:35', '2017-11-19 12:49:35'),
(118, 43, 120, 0, '2017-11-19 12:49:35', '2017-11-19 12:49:35'),
(119, 44, 121, 0, '2017-11-19 12:51:12', '2017-11-19 12:51:12'),
(120, 44, 122, 0, '2017-11-19 12:51:12', '2017-11-19 12:51:12'),
(121, 44, 123, 1, '2017-11-19 12:51:12', '2017-11-19 12:51:12'),
(122, 44, 124, 0, '2017-11-19 12:51:12', '2017-11-19 12:51:12'),
(123, 45, 125, 0, '2017-11-19 12:51:12', '2017-11-19 12:51:12'),
(124, 45, 126, 0, '2017-11-19 12:51:12', '2017-11-19 12:51:12'),
(125, 45, 127, 0, '2017-11-19 12:51:12', '2017-11-19 12:51:12'),
(126, 45, 128, 0, '2017-11-19 12:51:12', '2017-11-19 12:51:12'),
(127, 46, 129, 0, '2017-11-19 12:55:42', '2017-11-19 12:55:42'),
(128, 46, 130, 0, '2017-11-19 12:55:42', '2017-11-19 12:55:42'),
(129, 46, 131, 1, '2017-11-19 12:55:42', '2017-11-19 12:55:42'),
(130, 46, 132, 0, '2017-11-19 12:55:42', '2017-11-19 12:55:42'),
(131, 47, 133, 0, '2017-11-19 12:55:42', '2017-11-19 12:55:42'),
(132, 47, 134, 0, '2017-11-19 12:55:42', '2017-11-19 12:55:42'),
(133, 47, 135, 0, '2017-11-19 12:55:42', '2017-11-19 12:55:42'),
(134, 47, 136, 1, '2017-11-19 12:55:42', '2017-11-19 12:55:42'),
(135, 48, 137, 0, '2017-11-19 14:04:55', '2017-11-19 14:04:55'),
(136, 48, 138, 1, '2017-11-19 14:04:55', '2017-11-19 14:04:55'),
(137, 48, 139, 0, '2017-11-19 14:04:55', '2017-11-19 14:04:55'),
(138, 48, 140, 0, '2017-11-19 14:04:55', '2017-11-19 14:04:55');

-- --------------------------------------------------------

--
-- Структура таблицы `roles`
--

CREATE TABLE `roles` (
  `id` int(10) UNSIGNED NOT NULL,
  `name` varchar(191) COLLATE utf8mb4_unicode_ci NOT NULL,
  `title` varchar(191) COLLATE utf8mb4_unicode_ci NOT NULL,
  `created_at` timestamp NULL DEFAULT NULL,
  `updated_at` timestamp NULL DEFAULT NULL
) ENGINE=InnoDB DEFAULT CHARSET=utf8mb4 COLLATE=utf8mb4_unicode_ci;

--
-- Дамп данных таблицы `roles`
--

INSERT INTO `roles` (`id`, `name`, `title`, `created_at`, `updated_at`) VALUES
(1, 'admin', 'Админ', '2017-11-18 03:58:09', '2017-11-18 03:58:09'),
(2, 'user', 'Пользователь', '2017-11-18 04:04:29', '2017-11-18 04:04:29');

-- --------------------------------------------------------

--
-- Структура таблицы `tests`
--

CREATE TABLE `tests` (
  `id` int(10) UNSIGNED NOT NULL,
  `lection_id` int(10) UNSIGNED NOT NULL,
  `title` varchar(191) COLLATE utf8mb4_unicode_ci NOT NULL,
  `created_at` timestamp NULL DEFAULT NULL,
  `updated_at` timestamp NULL DEFAULT NULL
) ENGINE=InnoDB DEFAULT CHARSET=utf8mb4 COLLATE=utf8mb4_unicode_ci;

--
-- Дамп данных таблицы `tests`
--

INSERT INTO `tests` (`id`, `lection_id`, `title`, `created_at`, `updated_at`) VALUES
(1, 1, 'Тест 1', NULL, NULL),
(2, 2, 'Тест 2', NULL, NULL),
(6, 3, 'Test 3', '2017-11-19 10:49:39', '2017-11-19 10:49:39'),
(7, 4, 'Test 4', '2017-11-19 11:07:44', '2017-11-19 11:07:44'),
(11, 5, 'Test 5', '2017-11-19 11:10:56', '2017-11-19 11:10:56'),
(13, 6, 'Test 6', '2017-11-19 11:19:22', '2017-11-19 11:19:22'),
(14, 7, 'Test 7', '2017-11-19 11:21:42', '2017-11-19 11:21:42'),
(15, 8, 'Test 8', '2017-11-19 11:59:01', '2017-11-19 11:59:01'),
(16, 9, 'test 9', '2017-11-19 12:09:05', '2017-11-19 12:09:05'),
(17, 10, 'Test 10', '2017-11-19 12:40:31', '2017-11-19 12:40:31'),
(18, 11, 'Test 11', '2017-11-19 12:48:14', '2017-11-19 12:48:14'),
(19, 12, 'Test 12', '2017-11-19 12:49:35', '2017-11-19 12:49:35'),
(20, 13, 'Test 13', '2017-11-19 12:51:12', '2017-11-19 12:51:12'),
(21, 14, 'Test 14', '2017-11-19 12:55:42', '2017-11-19 12:55:42');

-- --------------------------------------------------------

--
-- Структура таблицы `test_questions`
--

CREATE TABLE `test_questions` (
  `id` int(10) UNSIGNED NOT NULL,
  `test_id` int(10) UNSIGNED NOT NULL,
  `question_id` int(10) UNSIGNED NOT NULL,
  `created_at` timestamp NULL DEFAULT NULL,
  `updated_at` timestamp NULL DEFAULT NULL
) ENGINE=InnoDB DEFAULT CHARSET=utf8mb4 COLLATE=utf8mb4_unicode_ci;

--
-- Дамп данных таблицы `test_questions`
--

INSERT INTO `test_questions` (`id`, `test_id`, `question_id`, `created_at`, `updated_at`) VALUES
(1, 1, 1, NULL, NULL),
(2, 1, 7, '2017-11-19 06:14:21', '2017-11-19 06:14:21'),
(3, 1, 8, '2017-11-19 06:14:21', '2017-11-19 06:14:21'),
(4, 2, 13, '2017-11-19 10:30:18', '2017-11-19 10:30:18'),
(5, 6, 17, '2017-11-19 10:49:39', '2017-11-19 10:49:39'),
(6, 6, 18, '2017-11-19 11:07:10', '2017-11-19 11:07:10'),
(7, 7, 19, '2017-11-19 11:07:44', '2017-11-19 11:07:44'),
(8, 11, 23, '2017-11-19 11:10:56', '2017-11-19 11:10:56'),
(9, 11, 24, '2017-11-19 11:10:56', '2017-11-19 11:10:56'),
(10, 11, 25, '2017-11-19 11:14:10', '2017-11-19 11:14:10'),
(11, 11, 26, '2017-11-19 11:14:10', '2017-11-19 11:14:10'),
(12, 11, 27, '2017-11-19 11:16:04', '2017-11-19 11:16:04'),
(13, 11, 28, '2017-11-19 11:16:04', '2017-11-19 11:16:04'),
(14, 11, 30, '2017-11-19 11:17:08', '2017-11-19 11:17:08'),
(15, 11, 31, '2017-11-19 11:17:08', '2017-11-19 11:17:08'),
(16, 11, 32, '2017-11-19 11:18:15', '2017-11-19 11:18:15'),
(17, 11, 33, '2017-11-19 11:18:15', '2017-11-19 11:18:15'),
(18, 13, 35, '2017-11-19 11:19:22', '2017-11-19 11:19:22'),
(19, 14, 36, '2017-11-19 11:21:42', '2017-11-19 11:21:42'),
(20, 15, 37, '2017-11-19 11:59:01', '2017-11-19 11:59:01'),
(21, 15, 38, '2017-11-19 11:59:01', '2017-11-19 11:59:01'),
(22, 17, 40, '2017-11-19 12:40:31', '2017-11-19 12:40:31'),
(23, 18, 41, '2017-11-19 12:48:14', '2017-11-19 12:48:14'),
(24, 19, 42, '2017-11-19 12:49:35', '2017-11-19 12:49:35'),
(25, 19, 43, '2017-11-19 12:49:35', '2017-11-19 12:49:35'),
(26, 20, 44, '2017-11-19 12:51:12', '2017-11-19 12:51:12'),
(27, 20, 45, '2017-11-19 12:51:12', '2017-11-19 12:51:12'),
(28, 21, 46, '2017-11-19 12:55:42', '2017-11-19 12:55:42'),
(29, 21, 47, '2017-11-19 12:55:42', '2017-11-19 12:55:42'),
(30, 1, 48, '2017-11-19 14:04:55', '2017-11-19 14:04:55');

-- --------------------------------------------------------

--
-- Структура таблицы `test_results`
--

CREATE TABLE `test_results` (
  `id` int(10) UNSIGNED NOT NULL,
  `user_id` int(10) UNSIGNED NOT NULL,
  `test_id` int(10) UNSIGNED NOT NULL,
  `corrects_count` int(11) NOT NULL,
  `wrongs_count` int(11) NOT NULL,
  `created_at` timestamp NULL DEFAULT NULL,
  `updated_at` timestamp NULL DEFAULT NULL
) ENGINE=InnoDB DEFAULT CHARSET=utf8mb4 COLLATE=utf8mb4_unicode_ci;

--
-- Дамп данных таблицы `test_results`
--

INSERT INTO `test_results` (`id`, `user_id`, `test_id`, `corrects_count`, `wrongs_count`, `created_at`, `updated_at`) VALUES
(1, 5, 1, 1, 3, '2017-11-19 14:47:51', '2017-11-19 14:47:51'),
(2, 5, 1, 2, 2, '2017-11-19 14:48:01', '2017-11-19 14:48:01'),
(3, 5, 1, 3, 1, '2017-11-19 14:57:31', '2017-11-19 14:57:31'),
(4, 5, 1, 1, 3, '2017-11-19 14:57:50', '2017-11-19 14:57:50'),
(5, 6, 1, 2, 2, '2017-11-19 15:27:53', '2017-11-19 15:27:53'),
(6, 6, 1, 1, 3, '2017-11-19 16:47:11', '2017-11-19 16:47:11');

-- --------------------------------------------------------

--
-- Структура таблицы `users`
--

CREATE TABLE `users` (
  `id` int(10) UNSIGNED NOT NULL,
  `name` varchar(191) COLLATE utf8mb4_unicode_ci NOT NULL,
  `email` varchar(191) COLLATE utf8mb4_unicode_ci NOT NULL,
  `password` varchar(191) COLLATE utf8mb4_unicode_ci NOT NULL,
  `remember_token` varchar(100) COLLATE utf8mb4_unicode_ci DEFAULT NULL,
  `created_at` timestamp NULL DEFAULT NULL,
  `updated_at` timestamp NULL DEFAULT NULL
) ENGINE=InnoDB DEFAULT CHARSET=utf8mb4 COLLATE=utf8mb4_unicode_ci;

--
-- Дамп данных таблицы `users`
--

INSERT INTO `users` (`id`, `name`, `email`, `password`, `remember_token`, `created_at`, `updated_at`) VALUES
(2, 'Administrator', 'admin@oc.kz', '$2y$10$Y6v.NzF3ZbO4SOgQdkgCPeppi5euLo4ol4zVh58X9URTdVfa6crTm', 'erU5po78LyMHfG17IGlSgr7TihOJF4kztVmYWWqOSNAEAS1iXi8B2l4BO4Zk', '2017-11-18 03:58:09', '2017-11-18 03:58:09'),
(5, 'Иван', 'user1@oc.kz', '$2y$10$QpY7qD9ZHJu5JJKqDalgje90H/62v4lUSeuDLvlmFx5vQwMUklmry', 'xL1oDcgwhuPwgrogSp7rFTIa8L0F9sCWlHxWYrbqDhLIYvqryrrzBeS8rhYc', '2017-11-18 04:08:50', '2017-11-18 04:08:50'),
(6, 'Женя', 'user2@oc.kz', '$2y$10$A/vTZXSYktJnka9aJfFZKO7XoFloZjlId8ayi7p4UjfUG85SyFWvy', 'eRsCqPpldMGdNX6P5AYTQgA07cpqSBviztj46LJlcMMkhEvTAJzBD6wwDuqW', '2017-11-18 04:13:07', '2017-11-18 04:13:07');

-- --------------------------------------------------------

--
-- Структура таблицы `user_roles`
--

CREATE TABLE `user_roles` (
  `id` int(10) UNSIGNED NOT NULL,
  `user_id` int(10) UNSIGNED NOT NULL,
  `role_id` int(10) UNSIGNED NOT NULL,
  `created_at` timestamp NULL DEFAULT NULL,
  `updated_at` timestamp NULL DEFAULT NULL
) ENGINE=InnoDB DEFAULT CHARSET=utf8mb4 COLLATE=utf8mb4_unicode_ci;

--
-- Дамп данных таблицы `user_roles`
--

INSERT INTO `user_roles` (`id`, `user_id`, `role_id`, `created_at`, `updated_at`) VALUES
(1, 2, 1, '2017-11-18 03:58:09', '2017-11-18 03:58:09'),
(2, 5, 2, NULL, NULL),
(3, 6, 2, '2017-11-18 04:13:07', '2017-11-18 04:13:07');

--
-- Индексы сохранённых таблиц
--

--
-- Индексы таблицы `answers`
--
ALTER TABLE `answers`
  ADD PRIMARY KEY (`id`);

--
-- Индексы таблицы `lections`
--
ALTER TABLE `lections`
  ADD PRIMARY KEY (`id`);

--
-- Индексы таблицы `migrations`
--
ALTER TABLE `migrations`
  ADD PRIMARY KEY (`id`);

--
-- Индексы таблицы `password_resets`
--
ALTER TABLE `password_resets`
  ADD KEY `password_resets_email_index` (`email`);

--
-- Индексы таблицы `questions`
--
ALTER TABLE `questions`
  ADD PRIMARY KEY (`id`);

--
-- Индексы таблицы `question_answers`
--
ALTER TABLE `question_answers`
  ADD PRIMARY KEY (`id`),
  ADD KEY `question_answers_question_id_index` (`question_id`),
  ADD KEY `question_answers_answer_id_index` (`answer_id`);

--
-- Индексы таблицы `roles`
--
ALTER TABLE `roles`
  ADD PRIMARY KEY (`id`);

--
-- Индексы таблицы `tests`
--
ALTER TABLE `tests`
  ADD PRIMARY KEY (`id`),
  ADD KEY `tests_lection_id_index` (`lection_id`);

--
-- Индексы таблицы `test_questions`
--
ALTER TABLE `test_questions`
  ADD PRIMARY KEY (`id`),
  ADD KEY `test_questions_test_id_index` (`test_id`),
  ADD KEY `test_questions_question_id_index` (`question_id`);

--
-- Индексы таблицы `test_results`
--
ALTER TABLE `test_results`
  ADD PRIMARY KEY (`id`),
  ADD KEY `test_results_user_id_index` (`user_id`),
  ADD KEY `test_results_test_id_index` (`test_id`);

--
-- Индексы таблицы `users`
--
ALTER TABLE `users`
  ADD PRIMARY KEY (`id`),
  ADD UNIQUE KEY `users_email_unique` (`email`);

--
-- Индексы таблицы `user_roles`
--
ALTER TABLE `user_roles`
  ADD PRIMARY KEY (`id`),
  ADD KEY `user_roles_user_id_index` (`user_id`),
  ADD KEY `user_roles_role_id_index` (`role_id`);

--
-- AUTO_INCREMENT для сохранённых таблиц
--

--
-- AUTO_INCREMENT для таблицы `answers`
--
ALTER TABLE `answers`
  MODIFY `id` int(10) UNSIGNED NOT NULL AUTO_INCREMENT, AUTO_INCREMENT=141;

--
-- AUTO_INCREMENT для таблицы `lections`
--
ALTER TABLE `lections`
  MODIFY `id` int(10) UNSIGNED NOT NULL AUTO_INCREMENT, AUTO_INCREMENT=26;

--
-- AUTO_INCREMENT для таблицы `migrations`
--
ALTER TABLE `migrations`
  MODIFY `id` int(10) UNSIGNED NOT NULL AUTO_INCREMENT, AUTO_INCREMENT=12;

--
-- AUTO_INCREMENT для таблицы `questions`
--
ALTER TABLE `questions`
  MODIFY `id` int(10) UNSIGNED NOT NULL AUTO_INCREMENT, AUTO_INCREMENT=49;

--
-- AUTO_INCREMENT для таблицы `question_answers`
--
ALTER TABLE `question_answers`
  MODIFY `id` int(10) UNSIGNED NOT NULL AUTO_INCREMENT, AUTO_INCREMENT=139;

--
-- AUTO_INCREMENT для таблицы `roles`
--
ALTER TABLE `roles`
  MODIFY `id` int(10) UNSIGNED NOT NULL AUTO_INCREMENT, AUTO_INCREMENT=3;

--
-- AUTO_INCREMENT для таблицы `tests`
--
ALTER TABLE `tests`
  MODIFY `id` int(10) UNSIGNED NOT NULL AUTO_INCREMENT, AUTO_INCREMENT=22;

--
-- AUTO_INCREMENT для таблицы `test_questions`
--
ALTER TABLE `test_questions`
  MODIFY `id` int(10) UNSIGNED NOT NULL AUTO_INCREMENT, AUTO_INCREMENT=31;

--
-- AUTO_INCREMENT для таблицы `test_results`
--
ALTER TABLE `test_results`
  MODIFY `id` int(10) UNSIGNED NOT NULL AUTO_INCREMENT, AUTO_INCREMENT=7;

--
-- AUTO_INCREMENT для таблицы `users`
--
ALTER TABLE `users`
  MODIFY `id` int(10) UNSIGNED NOT NULL AUTO_INCREMENT, AUTO_INCREMENT=7;

--
-- AUTO_INCREMENT для таблицы `user_roles`
--
ALTER TABLE `user_roles`
  MODIFY `id` int(10) UNSIGNED NOT NULL AUTO_INCREMENT, AUTO_INCREMENT=4;
COMMIT;

/*!40101 SET CHARACTER_SET_CLIENT=@OLD_CHARACTER_SET_CLIENT */;
/*!40101 SET CHARACTER_SET_RESULTS=@OLD_CHARACTER_SET_RESULTS */;
/*!40101 SET COLLATION_CONNECTION=@OLD_COLLATION_CONNECTION */;
